"7313773","WPGDEV01","Purchase","Normal","Online","1","29","200","826","BE50432C775CD0BB7FE3846442CA5FAF","","2001","911","9F3501229F34031F02029F090200008408A000000025010403","","2017-06-30 14:47:54","2017-06-30 13:47:26","0","02D714D87BA5D561C46AB970EA0BA864ED841C80720C8F0A15","","","2017-06-30 13:47:26","","374245*****1006","AMEX","2017-06-30 12:47:26","2017-06-30 12:47:54.000000","7313773","","050","91","","","","","WPGDEV01","2648651313","","","STDENVO","WPGAMEX","WPG","DEV010010029",""
"7313777","WPGDEV01","Purchase","Confirmation","Online","1","29","200","826","BE50432C775CD0BB7FE3846442CA5FAF","","2001","911","9F3501229F34031F02029F090200008408A000000025010403","","2017-06-30 14:48:03","2017-06-30 13:47:26","0","02D714D87BA5D561C46AB970EA0BA864ED841C80720C8F0A15","","","2017-06-30 13:47:26","","374245*****1006","AMEX","2017-06-30 12:47:26","2017-06-30 12:48:03.000000","7313777","","000","91","","","","","WPGDEV01","2648651313","","","STDENVO","WPGAMEX","WPG","DEV010010029",""
"7313783","WPGDEV01","Purchase","Normal","Online","1","29","200","826","BE50432C775CD0BB7FE3846442CA5FAF","","2001","911","9F3501229F34031F02029F090200008408A000000025010403","","2017-06-30 15:21:08","2017-06-30 14:20:59","0","02D714D87BA5D561C46AB970EA0BA864ED841C80720C8F0A15","","","2017-06-30 14:20:59","","374245*****1006","AMEX","2017-06-30 13:20:59","2017-06-30 13:21:08.000000","7313783","","050","91","","","","","WPGDEV01","2648651313","","","STDENVO","WPGAMEX","WPG","DEV010010029",""
"7313787","WPGDEV01","Purchase","Confirmation","Online","1","29","200","826","BE50432C775CD0BB7FE3846442CA5FAF","","2001","911","9F3501229F34031F02029F090200008408A000000025010403","","2017-06-30 15:21:16","2017-06-30 14:20:59","0","02D714D87BA5D561C46AB970EA0BA864ED841C80720C8F0A15","","","2017-06-30 14:20:59","","374245*****1006","AMEX","2017-06-30 13:20:59","2017-06-30 13:21:16.000000","7313787","","000","91","","","","","WPGDEV01","2648651313","","","STDENVO","WPGAMEX","WPG","DEV010010029",""
"7313793","WPGDEV01","Purchase","Normal","Online","1","30","200","826","BE50432C775CD0BB7FE3846442CA5FAF","","2001","911","9F3501229F34031F02029F090200008408A000000025010403","","2017-06-30 15:38:16","2017-06-30 14:38:05","0","02D714D87BA5D561C46AB970EA0BA864ED841C80720C8F0A15","","","2017-06-30 14:38:05","","374245*****1006","AMEX","2017-06-30 13:38:05","2017-06-30 13:38:16.000000","7313793","","050","91","","","","","WPGDEV01","2648651313","","","STDENVO","WPGAMEX","WPG","DEV010010030",""
"7313797","WPGDEV01","Purchase","Confirmation","Online","1","30","200","826","BE50432C775CD0BB7FE3846442CA5FAF","","2001","911","9F3501229F34031F02029F090200008408A000000025010403","","2017-06-30 15:38:20","2017-06-30 14:38:05","0","02D714D87BA5D561C46AB970EA0BA864ED841C80720C8F0A15","","","2017-06-30 14:38:05","","374245*****1006","AMEX","2017-06-30 13:38:05","2017-06-30 13:38:20.000000","7313797","","000","91","","","","","WPGDEV01","2648651313","","","STDENVO","WPGAMEX","WPG","DEV010010030",""
"7313803","WPGDEV01","Purchase","Normal","Online","1","32","1099","826","D1F7EC7F769A6923DAEE4EACEB35CA899AA8A9932AE10ED6","1","2512","071","9F2701809F1A0208269A031706309F26083084F14BD00A968B820219809F360201019F3704256718E0950500000080009C01005F2A0208269F02060000000010999F10120110A04009240000000000000000000000FF5F3401019F3501229F34031F03029F090200028407A00000000430609F33036008089F03060000000000009F1E083231333237353931","","2017-06-30 17:12:51","2017-06-30 16:12:42","0","02D714D87BA5D561C46AB970EA0BA864ED841C80720C8F0A15","","","2017-06-30 16:12:42","","679999*********0018","Maestro","2017-06-30 15:12:42","2017-06-30 15:12:51.000000","7313803","","050","91","","","","","WPGDEV01","22179142","","","STDENVO","WPG","WPG","DEV010010032",""
"7313807","WPGDEV01","Purchase","Confirmation","Online","1","32","1099","826","D1F7EC7F769A6923DAEE4EACEB35CA899AA8A9932AE10ED6","1","2512","071","9F2701809F1A0208269A031706309F26083084F14BD00A968B820219809F360201019F3704256718E0950500000080009C01005F2A0208269F02060000000010999F10120110A04009240000000000000000000000FF5F3401019F3501229F34031F03029F090200028407A00000000430609F33036008089F03060000000000009F1E083231333237353931","","2017-06-30 17:12:53","2017-06-30 16:12:42","0","02D714D87BA5D561C46AB970EA0BA864ED841C80720C8F0A15","","","2017-06-30 16:12:42","","679999*********0018","Maestro","2017-06-30 15:12:42","2017-06-30 15:12:53.000000","7313807","","000","91","","","","","WPGDEV01","22179142","","","STDENVO","WPG","WPG","DEV010010032",""
"7313813","WPGDEV01","Purchase","Normal","Online","1","30","1099","826","D1F7EC7F769A6923DAEE4EACEB35CA899AA8A9932AE10ED6","1","2512","071","9F2701809F1A0208269A031706309F260855D849CBF199AB0B820219809F360201029F37043A4E7CC1950500000000009C01005F2A0208269F02060000000010999F10120110A04009248000000000000000000000FF5F3401019F3501229F34031F03029F090200028407A00000000430609F33036008089F03060000000000009F1E083231333237353931","","2017-06-30 17:56:32","2017-06-30 16:56:27","0","02D714D87BA5D561C46AB970EA0BA864ED841C80720C8F0A15","","","2017-06-30 16:56:27","","679999*********0018","Maestro","2017-06-30 15:56:27","2017-06-30 15:56:32.000000","7313813","","050","91","","","","","WPGDEV01","22179142","","","STDENVO","WPG","WPG","DEV010010030",""
"7313817","WPGDEV01","Purchase","Confirmation","Online","1","30","1099","826","D1F7EC7F769A6923DAEE4EACEB35CA899AA8A9932AE10ED6","1","2512","071","9F2701809F1A0208269A031706309F260855D849CBF199AB0B820219809F360201029F37043A4E7CC1950500000000009C01005F2A0208269F02060000000010999F10120110A04009248000000000000000000000FF5F3401019F3501229F34031F03029F090200028407A00000000430609F33036008089F03060000000000009F1E083231333237353931","","2017-06-30 17:56:33","2017-06-30 16:56:27","0","02D714D87BA5D561C46AB970EA0BA864ED841C80720C8F0A15","","","2017-06-30 16:56:27","","679999*********0018","Maestro","2017-06-30 15:56:27","2017-06-30 15:56:33.000000","7313817","","000","91","","","","","WPGDEV01","22179142","","","STDENVO","WPG","WPG","DEV010010030",""
"7313241","CU23411001","Purchase","Normal","Online","2","32","10400","203","4F16D7E4D88D07858E0816A9618C5382","1","2212","051","9F2701809F1A0205289A031706309F2608FD908F8F7A50B4A882027C009F360200699F370468873EC1950500800080009C01005F2A0209789F02060000000004289F100706010A03A080025F3401019F3501229F34031E03009F0902008C8408A0000000031010029F3303E0F0C89F03060000000000009F1E083232313035313637","","2017-06-30 13:13:59","2017-06-30 13:13:58","0","02657A6B881B2650EA4106B80D5510D7DD64F66EB12E58FC10","","","2017-06-30 13:13:58","","476173******0119","VISA","2017-06-30 11:13:58","2017-06-30 11:13:59.000000","7313241","111878","001","00","","","","0630","CU23411001","12001501","","2017-06-30 00:00:00","0880","FDS","FDS","000032",""
"7324571","AEVI01","Purchase","Normal","Online","1","30","2500","978","9AC0CA57651840655D1B0024FB45C842","1","2212","051","9F2701809F1A0205289A031707189F2608053062650E3B9A5482025C009F360203619F37048F677EE0950502800080009C01005F2A0209789F02060000000025009F100706010A03A080005F3401019F3501229F34031E03009F0902008C8407A00000000320109F3303E0F0C89F03060000000000009F1E083230383633373937","","2017-07-18 14:00:47","2017-07-18 14:00:42","0","02213BAABC8F5E6BAB17BE7E09559428338EC9CC6F72D3F166","","","2017-07-18 14:00:42","","476173******0010","VISA","2017-07-18 12:00:42","2017-07-18 12:00:47.000000","7324571","","050","191","","","","","AEVI01","12344","","","STD1206","EQUENS2_CC","equens2","",""
"7324573","AEVI01","Purchase","Confirmation","Online","1","30","2500","978","9AC0CA57651840655D1B0024FB45C842","1","2212","051","9F2701809F1A0205289A031707189F2608053062650E3B9A5482025C009F360203619F37048F677EE0950502800080009C01005F2A0209789F02060000000025009F100706010A03A080005F3401019F3501229F34031E03009F0902008C8407A00000000320109F3303E0F0C89F03060000000000009F1E083230383633373937","","2017-07-18 14:00:48","2017-07-18 14:00:42","0","02213BAABC8F5E6BAB17BE7E09559428338EC9CC6F72D3F166","","","2017-07-18 14:00:42","","476173******0010","VISA","2017-07-18 12:00:42","2017-07-18 12:00:48.000000","7324573","","000","","","","","","AEVI01","12344","","","STD1206","EQUENS2_CC","equens2","",""
"7317817","CU70300001","Purchase","Normal","Online","2","106","100","203","0D08E0D9DD69BAE1D189AFB8BB85D587","1","2212","051","9F2701809F1A0202039A031707039F260844399FB4996BE3BA82027C009F3602006D9F3704E4FC0ADF950500800080009C01005F2A0202039F02060000000001009F100706010A03A000025F3401019F3501229F34031E03009F0902008C8408A0000000031010029F3303E0F0C89F03060000000000009F1E083232313330373132","","2017-07-03 13:10:27","2017-07-03 13:10:26","0","0215AE4B56E1BDA50075EA5061748DA4354C16A531EA379CC3","","","2017-07-03 13:10:26","","476173******0119","VISA","2017-07-03 11:10:26","2017-07-03 11:10:27.000000","7317817","111177","001","00","","","","0703","CU70300001","70128501","","2017-07-03 00:00:00","0880","FDS","FDS","000106",""
"7317819","CU70300001","Purchase","Reverzal","Online","2","106","100","203","0D08E0D9DD69BAE1D189AFB8BB85D587","1","2212","051","9F2701809F1A0202039A031707039F260844399FB4996BE3BA82027C009F3602006D9F3704E4FC0ADF950500800080409C01005F2A0202039F02060000000001009F100706010A03A000025F3401019F3501229F34031E03009F0902008C8408A0000000031010029F3303E0F0C89F03060000000000009F1E083232313330373132","","2017-07-03 13:10:29","2017-07-03 13:10:28","0","0215AE4B56E1BDA50075EA5061748DA4354C16A531EA379CC3","","","2017-07-03 13:10:26","","476173******0119","VISA","2017-07-03 11:10:28","2017-07-03 11:10:29.000000","7317819","111177","001","00","","","","","CU70300001","70128501","","2017-07-03 00:00:00","0880","FDS","FDS","000106",""
"7323811","CU23533001","Purchase","Normal","Online","1","3","50000","203","043A079FEE949B07DAE3773A31EBFD04","3","2512","051","9F2701829F1A0205289A031707149F2608EAD92B772226AA16820258009F360200A69F3704831715B4950502002480009C01005F2A0202039F02060000000500009F10120210A000002C0000DAC000000000000000FF5F3401039F3501229F34034203009F090200028408A0000000041010019F3303E0F0C89F03060000000000009F1E083731313137313936","","2017-07-14 12:32:13","2017-07-14 12:32:11","0","02109000F7443D3F9C71C23A56136C72058801DDCF7E544715","","","2017-07-14 12:32:11","","545721******0012","EC/MC","2017-07-14 10:32:11","2017-07-14 10:32:13.000000","7323811","      ","811","C3","","","","0714","CU23533001","13003503","","2017-07-14 00:00:00","0880","FDS","FDS","000003",""
"7323817","CU23533001","Purchase","Normal","Online","1","4","50000","203","99B00494452F9E91DE89F159DD0553C8","3","2512","051","9F2701829F1A0205289A031707149F2608DE6F5E650D6BAA30820258009F360200329F3704B0ECB615950502002480009C01005F2A0202039F02060000000500009F10120210A000002C0000DAC000000000000000FF5F3401039F3501229F34034203009F090200028408A0000000041010029F3303E0F0C89F03060000000000009F1E083731313137313936","","2017-07-14 12:32:47","2017-07-14 12:32:46","0","02109000F7443D3F9C71C23A56136C72058801DDCF7E544715","","","2017-07-14 12:32:46","","541333******0045","EC/MC","2017-07-14 10:32:46","2017-07-14 10:32:47.000000","7323817","      ","811","C3","","","","0714","CU23533001","13003503","","2017-07-14 00:00:00","0880","FDS","FDS","000004",""
"7323867","CU23533001","Purchase","Normal","Online","1","5","50000","203","99B00494452F9E91DE89F159DD0553C8","3","2512","051","9F2701829F1A0205289A031707149F2608E3DF86B78D21D261820258009F360200339F3704C21C6020950502002480009C01005F2A0202039F02060000000500009F10120210A000002C0000DAC000000000000000FF5F3401039F3501229F34034203009F090200028408A0000000041010029F3303E0F0C89F03060000000000009F1E083731313137313936","","2017-07-14 12:59:58","2017-07-14 12:59:56","0","02109000F7443D3F9C71C23A56136C72058801DDCF7E544715","","","2017-07-14 12:59:56","","541333******0045","EC/MC","2017-07-14 10:59:56","2017-07-14 10:59:58.000000","7323867","      ","811","C3","","","","0714","CU23533001","13003503","","2017-07-14 00:00:00","0880","FDS","FDS","000005",""
"7324095","CU23533001","Purchase","Normal","Online","1","6","50000","203","99B00494452F9E91DE89F159DD0553C8","3","2512","051","9F2701829F1A0205289A031707149F26089F9DE7AC69E77317820258009F360200349F3704FD54824A950502002480009C01005F2A0202039F02060000000500009F10120210A000002C0000DAC000000000000000FF5F3401039F3501229F34034203009F090200028408A0000000041010029F3303E0F0C89F03060000000000009F1E083731313137313936","","2017-07-14 15:01:38","2017-07-14 15:01:36","0","02109000F7443D3F9C71C23A56136C72058801DDCF7E544715","","","2017-07-14 15:01:36","","541333******0045","EC/MC","2017-07-14 13:01:36","2017-07-14 13:01:38.000000","7324095","      ","811","C3","","","","0714","CU23533001","13003503","","2017-07-14 00:00:00","0880","FDS","FDS","000006",""
"7324097","CU23533001","Purchase","Normal","Online","1","7","50000","203","99B00494452F9E91DE89F159DD0553C8","3","2512","051","9F2701829F1A0205289A031707149F2608300FC5D430D182B4820258009F360200359F3704D378F965950502002480009C01005F2A0202039F02060000000500009F10120210A000002C0000DAC000000000000000FF5F3401039F3501229F34034203009F090200028408A0000000041010029F3303E0F0C89F03060000000000009F1E083731313137313936","","2017-07-14 15:05:58","2017-07-14 15:05:57","0","02109000F7443D3F9C71C23A56136C72058801DDCF7E544715","","","2017-07-14 15:05:57","","541333******0045","EC/MC","2017-07-14 13:05:57","2017-07-14 13:05:58.000000","7324097","009269","001","00","","","","0714","CU23533001","13003503","","2017-07-14 00:00:00","0880","FDS","FDS","000007",""
"7324099","CU23533001","Purchase","Reverzal","Online","1","7","50000","203","99B00494452F9E91DE89F159DD0553C8","3","2512","051","9F2701009F1A0205289A031707149F2608C53FB669F49D10E4820258009F360200359F3704D378F965950502002480009C01005F2A0202039F02060000000500009F101202102000002C0000DAC000000000000000FF5F3401039F3501229F34034203009F090200028408A0000000041010029F3303E0F0C89F03060000000000009F1E083731313137313936","","2017-07-14 15:06:02","2017-07-14 15:05:59","0","02109000F7443D3F9C71C23A56136C72058801DDCF7E544715","","","2017-07-14 15:05:57","","541333******0045","EC/MC","2017-07-14 13:05:59","2017-07-14 13:06:02.000000","7324099","009269","001","00","","","","","CU23533001","13003503","","2017-07-14 00:00:00","0880","FDS","FDS","000007",""
"7324123","CU23533001","Purchase","Normal","Online","1","8","1000","203","99B00494452F9E91DE89F159DD0553C8","3","2512","051","9F2701829F1A0205289A031707149F2608F88A8B247923869A820258009F360200369F37044B600A76950502002480009C01005F2A0202039F02060000000010009F10120210A000002C0000DAC000000000000000FF5F3401039F3501229F34034203009F090200028408A0000000041010029F3303E0F0C89F03060000000000009F1E083731313137313936","","2017-07-14 15:09:34","2017-07-14 15:09:32","0","02109000F7443D3F9C71C23A56136C72058801DDCF7E544715","","","2017-07-14 15:09:32","","541333******0045","EC/MC","2017-07-14 13:09:32","2017-07-14 13:09:34.000000","7324123","009271","001","00","","","","0714","CU23533001","13003503","","2017-07-14 00:00:00","0880","FDS","FDS","000008",""
"7330093","TING320F","Purchase","Normal","Online","1","3","50200","203","9A3E54560146753541D00B94E8513A89","1","2212","051","9F2701809F1A0202039A031707199F26083441F5FF09CD97E482025C009F360203659F3704095640BB950502800080009C01005F2A0202039F02060000000502009F100706010A03A000005F3401019F3501229F34031E03009F090200968407A00000000320109F3303E0F0C89F03060000000000009F1E083230303438323338","","2017-07-19 12:51:53","2017-07-19 12:51:51","0","02F1589BEC95289C1E51DC01A6BDC996434FE745B6CD20ADE3","","","2017-07-19 12:51:50","","476173******0010","VISA","2017-07-19 10:51:51","2017-07-19 10:51:53.000000","7330093","Q0RMSS","001","00","","","1A","0719","939280","310010001","","2017-07-19 00:00:00","0880","CSAS_GPE-CS","CSAS-GPE","000003",""
"7330095","TING320F","Purchase","Confirmation","Online","1","3","50200","203","9A3E54560146753541D00B94E8513A89","1","2212","051","9F2701809F1A0202039A031707199F26083441F5FF09CD97E482025C009F360203659F3704095640BB950502800080009C01005F2A0202039F02060000000502009F100706010A03A000005F3401019F3501229F34031E03009F090200968407A00000000320109F3303E0F0C89F03060000000000009F1E083230303438323338","","2017-07-19 12:51:53","2017-07-19 12:51:51","0","02F1589BEC95289C1E51DC01A6BDC996434FE745B6CD20ADE3","","","2017-07-19 12:51:50","","476173******0010","VISA","2017-07-19 10:51:51","2017-07-19 10:51:53.000000","7330095","Q0RMSS","001","00","","","1A","0719","939280","310010001","","2017-07-19 00:00:00","0880","CSAS_GPE-CS","CSAS-GPE","000003",""
"7330097","TING320F","Purchase","Reverzal","Online","1","3","50200","203","9A3E54560146753541D00B94E8513A89","1","2212","051","9F2701809F1A0202039A031707199F26083441F5FF09CD97E482025C009F360203659F3704095640BB950502800080009C01005F2A0202039F02060000000502009F100706010A03A000005F3401019F3501229F34031E03009F090200968407A00000000320109F3303E0F0C89F03060000000000009F1E083230303438323338","","2017-07-19 12:52:24","2017-07-19 12:51:53","0","02F1589BEC95289C1E51DC01A6BDC996434FE745B6CD20ADE3","","","2017-07-19 12:51:50","","476173******0010","VISA","2017-07-19 10:51:53","2017-07-19 10:52:24.000000","7330097","Q0RMSS","001","00","","","1A","","939280","310010001","","2017-07-19 00:00:00","0880","CSAS_GPE-CS","CSAS-GPE","000003",""
"7330143","TING320F","Purchase","Normal","Online","1","4","50200","203","9A3E54560146753541D00B94E8513A89","1","2212","051","9F2701809F1A0202039A031707199F2608E45BEB2761854F0382025C009F360203669F3704F9193825950502800080009C01005F2A0202039F02060000000502009F100706010A03A000005F3401019F3501229F34031E03009F090200968407A00000000320109F3303E0F0C89F03060000000000009F1E083230303438323338","","2017-07-19 13:11:48","2017-07-19 13:11:45","0","02F1589BEC95289C1E51DC01A6BDC996434FE745B6CD20ADE3","","","2017-07-19 13:11:45","","476173******0010","VISA","2017-07-19 11:11:45","2017-07-19 11:11:48.000000","7330143","VFNJHS","001","00","","","2B","0719","939280","310010001","","2017-07-19 00:00:00","0880","CSAS_GPE-CS","CSAS-GPE","000004",""
"7330145","TING320F","Purchase","Confirmation","Online","1","4","50200","203","9A3E54560146753541D00B94E8513A89","1","2212","051","9F2701809F1A0202039A031707199F2608E45BEB2761854F0382025C009F360203669F3704F9193825950502800080009C01005F2A0202039F02060000000502009F100706010A03A000005F3401019F3501229F34031E03009F090200968407A00000000320109F3303E0F0C89F03060000000000009F1E083230303438323338","","2017-07-19 13:11:49","2017-07-19 13:11:45","0","02F1589BEC95289C1E51DC01A6BDC996434FE745B6CD20ADE3","","","2017-07-19 13:11:45","","476173******0010","VISA","2017-07-19 11:11:45","2017-07-19 11:11:49.000000","7330145","VFNJHS","001","00","","","2B","0719","939280","310010001","","2017-07-19 00:00:00","0880","CSAS_GPE-CS","CSAS-GPE","000004",""
"7330147","TING320F","Purchase","Reverzal","Online","1","4","50200","203","9A3E54560146753541D00B94E8513A89","1","2212","051","9F2701809F1A0202039A031707199F2608E45BEB2761854F0382025C009F360203669F3704F9193825950502800080009C01005F2A0202039F02060000000502009F100706010A03A000005F3401019F3501229F34031E03009F090200968407A00000000320109F3303E0F0C89F03060000000000009F1E083230303438323338","","2017-07-19 13:11:56","2017-07-19 13:11:49","0","02F1589BEC95289C1E51DC01A6BDC996434FE745B6CD20ADE3","","","2017-07-19 13:11:45","","476173******0010","VISA","2017-07-19 11:11:49","2017-07-19 11:11:56.000000","7330147","VFNJHS","001","00","","","2A","","939280","310010001","","2017-07-19 00:00:00","0880","CSAS_GPE-CS","CSAS-GPE","000004",""
"7330153","TING320F","Purchase","Normal","Online","1","5","50200","203","9A3E54560146753541D00B94E8513A89","1","2212","051","9F2701809F1A0202039A031707199F260851810169828DC24882025C009F360203679F37045C1CA804950502800080009C01005F2A0202039F02060000000502009F100706010A03A000005F3401019F3501229F34031E03009F090200968407A00000000320109F3303E0F0C89F03060000000000009F1E083230303438323338","","2017-07-19 13:12:39","2017-07-19 13:12:38","0","02F1589BEC95289C1E51DC01A6BDC996434FE745B6CD20ADE3","","","2017-07-19 13:12:37","","476173******0010","VISA","2017-07-19 11:12:38","2017-07-19 11:12:39.000000","7330153","FQNUDC","001","00","","","1B","0719","939280","310010001","","2017-07-19 00:00:00","0880","CSAS_GPE-CS","CSAS-GPE","000005",""
"7330155","TING320F","Purchase","Confirmation","Online","1","5","50200","203","9A3E54560146753541D00B94E8513A89","1","2212","051","9F2701809F1A0202039A031707199F260851810169828DC24882025C009F360203679F37045C1CA804950502800080009C01005F2A0202039F02060000000502009F100706010A03A000005F3401019F3501229F34031E03009F090200968407A00000000320109F3303E0F0C89F03060000000000009F1E083230303438323338","","2017-07-19 13:12:40","2017-07-19 13:12:38","0","02F1589BEC95289C1E51DC01A6BDC996434FE745B6CD20ADE3","","","2017-07-19 13:12:37","","476173******0010","VISA","2017-07-19 11:12:38","2017-07-19 11:12:40.000000","7330155","FQNUDC","001","00","","","1B","0719","939280","310010001","","2017-07-19 00:00:00","0880","CSAS_GPE-CS","CSAS-GPE","000005",""
"7330157","TING320F","Purchase","Reverzal","Online","1","5","50200","203","9A3E54560146753541D00B94E8513A89","1","2212","051","9F2701809F1A0202039A031707199F260851810169828DC24882025C009F360203679F37045C1CA804950502800080009C01005F2A0202039F02060000000502009F100706010A03A000005F3401019F3501229F34031E03009F090200968407A00000000320109F3303E0F0C89F03060000000000009F1E083230303438323338","","2017-07-19 13:12:57","2017-07-19 13:12:40","0","02F1589BEC95289C1E51DC01A6BDC996434FE745B6CD20ADE3","","","2017-07-19 13:12:37","","476173******0010","VISA","2017-07-19 11:12:40","2017-07-19 11:12:57.000000","7330157","FQNUDC","001","00","","","1B","","939280","310010001","","2017-07-19 00:00:00","0880","CSAS_GPE-CS","CSAS-GPE","000005",""
"7330163","TING320F","Purchase","Normal","Online","1","6","50200","203","9A3E54560146753541D00B94E8513A89","1","2212","051","9F2701809F1A0202039A031707199F2608E7DA53551FC5239C82025C009F360203689F37048C04DD09950502800080009C01005F2A0202039F02060000000502009F100706010A03A000005F3401019F3501229F34031E03009F090200968407A00000000320109F3303E0F0C89F03060000000000009F1E083230303438323338","","2017-07-19 13:13:49","2017-07-19 13:13:48","0","02F1589BEC95289C1E51DC01A6BDC996434FE745B6CD20ADE3","","","2017-07-19 13:13:47","","476173******0010","VISA","2017-07-19 11:13:48","2017-07-19 11:13:49.000000","7330163","JHMGZB","001","00","","","2B","0719","939280","310010001","","2017-07-19 00:00:00","0880","CSAS_GPE-CS","CSAS-GPE","000006",""
"7330165","TING320F","Purchase","Confirmation","Online","1","6","50200","203","9A3E54560146753541D00B94E8513A89","1","2212","051","9F2701809F1A0202039A031707199F2608E7DA53551FC5239C82025C009F360203689F37048C04DD09950502800080009C01005F2A0202039F02060000000502009F100706010A03A000005F3401019F3501229F34031E03009F090200968407A00000000320109F3303E0F0C89F03060000000000009F1E083230303438323338","","2017-07-19 13:13:50","2017-07-19 13:13:48","0","02F1589BEC95289C1E51DC01A6BDC996434FE745B6CD20ADE3","","","2017-07-19 13:13:47","","476173******0010","VISA","2017-07-19 11:13:48","2017-07-19 11:13:50.000000","7330165","JHMGZB","001","00","","","2B","0719","939280","310010001","","2017-07-19 00:00:00","0880","CSAS_GPE-CS","CSAS-GPE","000006",""
"7330167","TING320F","Purchase","Reverzal","Online","1","6","50200","203","9A3E54560146753541D00B94E8513A89","1","2212","051","9F2701809F1A0202039A031707199F2608E7DA53551FC5239C82025C009F360203689F37048C04DD09950502800080009C01005F2A0202039F02060000000502009F100706010A03A000005F3401019F3501229F34031E03009F090200968407A00000000320109F3303E0F0C89F03060000000000009F1E083230303438323338","","2017-07-19 13:14:08","2017-07-19 13:13:50","0","02F1589BEC95289C1E51DC01A6BDC996434FE745B6CD20ADE3","","","2017-07-19 13:13:47","","476173******0010","VISA","2017-07-19 11:13:50","2017-07-19 11:14:08.000000","7330167","JHMGZB","001","00","","","2A","","939280","310010001","","2017-07-19 00:00:00","0880","CSAS_GPE-CS","CSAS-GPE","000006",""
"7330177","TING320F","Purchase","Normal","Online","1","7","50200","203","9A3E54560146753541D00B94E8513A89","1","2212","051","9F2701809F1A0202039A031707199F26087EC933704666BF3282025C009F360203699F3704D7F9960C950502800080009C01005F2A0202039F02060000000502009F100706010A03A000005F3401019F3501229F34031E03009F090200968407A00000000320109F3303E0F0C89F03060000000000009F1E083230303438323338","","2017-07-19 13:16:32","2017-07-19 13:16:30","0","02F1589BEC95289C1E51DC01A6BDC996434FE745B6CD20ADE3","","","2017-07-19 13:16:30","","476173******0010","VISA","2017-07-19 11:16:30","2017-07-19 11:16:32.000000","7330177","H0OFYX","001","00","","","1B","0719","939280","310010001","","2017-07-19 00:00:00","0880","CSAS_GPE-CS","CSAS-GPE","000007",""
"7330179","TING320F","Purchase","Confirmation","Online","1","7","50200","203","9A3E54560146753541D00B94E8513A89","1","2212","051","9F2701809F1A0202039A031707199F26087EC933704666BF3282025C009F360203699F3704D7F9960C950502800080009C01005F2A0202039F02060000000502009F100706010A03A000005F3401019F3501229F34031E03009F090200968407A00000000320109F3303E0F0C89F03060000000000009F1E083230303438323338","","2017-07-19 13:16:32","2017-07-19 13:16:30","0","02F1589BEC95289C1E51DC01A6BDC996434FE745B6CD20ADE3","","","2017-07-19 13:16:30","","476173******0010","VISA","2017-07-19 11:16:30","2017-07-19 11:16:32.000000","7330179","H0OFYX","001","00","","","1B","0719","939280","310010001","","2017-07-19 00:00:00","0880","CSAS_GPE-CS","CSAS-GPE","000007",""
"7330181","TING320F","Purchase","Reverzal","Online","1","7","50200","203","9A3E54560146753541D00B94E8513A89","1","2212","051","9F2701809F1A0202039A031707199F26087EC933704666BF3282025C009F360203699F3704D7F9960C950502800080009C01005F2A0202039F02060000000502009F100706010A03A000005F3401019F3501229F34031E03009F090200968407A00000000320109F3303E0F0C89F03060000000000009F1E083230303438323338","","2017-07-19 13:16:57","2017-07-19 13:16:32","0","02F1589BEC95289C1E51DC01A6BDC996434FE745B6CD20ADE3","","","2017-07-19 13:16:30","","476173******0010","VISA","2017-07-19 11:16:32","2017-07-19 11:16:57.000000","7330181","H0OFYX","001","00","","","1B","","939280","310010001","","2017-07-19 00:00:00","0880","CSAS_GPE-CS","CSAS-GPE","000007",""
"7330187","TING320F","Purchase","Normal","Online","1","8","50200","203","9A3E54560146753541D00B94E8513A89","1","2212","051","9F2701809F1A0202039A031707199F2608C42B5F841B119C2182025C009F3602036A9F3704F7411AFF950502800080009C01005F2A0202039F02060000000502009F100706010A03A000005F3401019F3501229F34031E03009F090200968407A00000000320109F3303E0F0C89F03060000000000009F1E083230303438323338","","2017-07-19 13:17:51","2017-07-19 13:17:49","0","02F1589BEC95289C1E51DC01A6BDC996434FE745B6CD20ADE3","","","2017-07-19 13:17:49","","476173******0010","VISA","2017-07-19 11:17:49","2017-07-19 11:17:51.000000","7330187","MLUDB5","001","00","","","2B","0719","939280","310010001","","2017-07-19 00:00:00","0880","CSAS_GPE-CS","CSAS-GPE","000008",""
"7330189","TING320F","Purchase","Confirmation","Online","1","8","50200","203","9A3E54560146753541D00B94E8513A89","1","2212","051","9F2701809F1A0202039A031707199F2608C42B5F841B119C2182025C009F3602036A9F3704F7411AFF950502800080009C01005F2A0202039F02060000000502009F100706010A03A000005F3401019F3501229F34031E03009F090200968407A00000000320109F3303E0F0C89F03060000000000009F1E083230303438323338","","2017-07-19 13:17:51","2017-07-19 13:17:49","0","02F1589BEC95289C1E51DC01A6BDC996434FE745B6CD20ADE3","","","2017-07-19 13:17:49","","476173******0010","VISA","2017-07-19 11:17:49","2017-07-19 11:17:51.000000","7330189","MLUDB5","001","00","","","2B","0719","939280","310010001","","2017-07-19 00:00:00","0880","CSAS_GPE-CS","CSAS-GPE","000008",""
"7330191","TING320F","Purchase","Reverzal","Online","1","8","50200","203","9A3E54560146753541D00B94E8513A89","1","2212","051","9F2701809F1A0202039A031707199F2608C42B5F841B119C2182025C009F3602036A9F3704F7411AFF950502800080009C01005F2A0202039F02060000000502009F100706010A03A000005F3401019F3501229F34031E03009F090200968407A00000000320109F3303E0F0C89F03060000000000009F1E083230303438323338","","2017-07-19 13:18:00","2017-07-19 13:17:51","0","02F1589BEC95289C1E51DC01A6BDC996434FE745B6CD20ADE3","","","2017-07-19 13:17:49","","476173******0010","VISA","2017-07-19 11:17:51","2017-07-19 11:18:00.000000","7330191","MLUDB5","001","00","","","2A","","939280","310010001","","2017-07-19 00:00:00","0880","CSAS_GPE-CS","CSAS-GPE","000008",""
